StartDate,EndDate,Progress,Duration,Finished,RecordedDate,ResponseId,Consent,ExcerptsAD,ExcerptType,ServicePopulation,LibrarySystemYN,Q1_1,Q1_2,Q1_3,Q1_4,Q1_5,Q1_6,Q1_7,Q1_8,Q1_9,Q1_10,Q1_11,Q3_1,Q3_2,Q3_3,Q3_4,Q3_5,Q3_6,Q3_7,Q5_1,Q5_2,Q5_3,Q5_4,Q5_5,Q5_6,Q5_7,Q5_8,Q5_9,Q5_10,Q5_11,Q7_1,Q7_2,Q7_3,Q7_4,Q7_5,Q7_6,Q8
8/12/19 15:40,8/12/19 15:44,44,250,FALSE,8/29/19 19:59,R_1P59r3pheRQkayO,"By checking this box, I confirm that I am 18 years of age or older.,By checking this box, I confirm the following:


 I have read and understand the purpose of the survey, and I am choosing to participate.
 I understand that my participation is voluntary.
 I understand that I can withdraw from the study at any time prior to submission of the survey, with no explanation needed.
 I understand that unless I choose to self-identify at the end of the survey, no identifiable information about me or my library will be recorded.
 I understand that deidentified survey data will be deposited in an open access repository.
 I understand that cookies may be placed on my browser by Qualtrics, the survey software, to enable various features. 
","I agree that excerpts from my open-ended responses may be used for reports, publications, and other research outputs.",My institution may be included in association with my excerpts.,"Over 250,000",Yes,Neutral,Strongly agree,Agree,Neutral,Agree,Agree,Agree,Agree,Agree,Strongly agree,Strongly agree,,,,,,,,,,,,,,,,,,,,,,,,,
7/16/19 17:09,7/16/19 17:14,44,306,FALSE,8/16/19 17:15,R_2eXetbIZGMFsRWq,"By checking this box, I confirm that I am 18 years of age or older.,By checking this box, I confirm the following:


 I have read and understand the purpose of the survey, and I am choosing to participate.
 I understand that my participation is voluntary.
 I understand that I can withdraw from the study at any time prior to submission of the survey, with no explanation needed.
 I understand that unless I choose to self-identify at the end of the survey, no identifiable information about me or my library will be recorded.
 I understand that deidentified survey data will be deposited in an open access repository.
 I understand that cookies may be placed on my browser by Qualtrics, the survey software, to enable various features. 
","I agree that excerpts from my open-ended responses may be used for reports, publications, and other research outputs.",My excerpts may only be used anonymously.,"100,000 - 249,999",Yes,Agree,Strongly agree,Agree,Agree,Agree,Agree,Agree,Agree,Agree,Agree,Agree,,,,,,,,,,,,,,,,,,,,,,,,,
6/18/19 13:28,6/18/19 13:43,52,908,FALSE,7/18/19 13:44,R_1lAH9bteotxBOcl,"By checking this box, I confirm that I am 18 years of age or older.,By checking this box, I confirm the following:


 I have read and understand the purpose of the survey, and I am choosing to participate.
 I understand that my participation is voluntary.
 I understand that I can withdraw from the study at any time prior to submission of the survey, with no explanation needed.
 I understand that unless I choose to self-identify at the end of the survey, no identifiable information about me or my library will be recorded.
 I understand that deidentified survey data will be deposited in an open access repository.
 I understand that cookies may be placed on my browser by Qualtrics, the survey software, to enable various features. 
","I agree that excerpts from my open-ended responses may be used for reports, publications, and other research outputs.",My excerpts may only be used anonymously.,"5,000 - 24,999",No,Neutral,Agree,Strongly agree,Disagree,Strongly agree,Strongly agree,Neutral,Neutral,Neutral,Strongly agree,Strongly agree,Likely,Likely,Somewhat likely,Unsure,Unlikely,Unlikely,Unlikely,,,,,,,,,,,,,,,,,,
6/21/19 14:14,6/21/19 14:18,52,201,FALSE,7/21/19 14:18,R_viPZJACmvRIB0rv,"By checking this box, I confirm that I am 18 years of age or older.,By checking this box, I confirm the following:


 I have read and understand the purpose of the survey, and I am choosing to participate.
 I understand that my participation is voluntary.
 I understand that I can withdraw from the study at any time prior to submission of the survey, with no explanation needed.
 I understand that unless I choose to self-identify at the end of the survey, no identifiable information about me or my library will be recorded.
 I understand that deidentified survey data will be deposited in an open access repository.
 I understand that cookies may be placed on my browser by Qualtrics, the survey software, to enable various features. 
","I agree that excerpts from my open-ended responses may be used for reports, publications, and other research outputs.",My excerpts may only be used anonymously.,"100,000 - 249,999",No,Neutral,Neutral,Neutral,Agree,Neutral,Agree,Neutral,Neutral,Neutral,Strongly agree,Neutral,Unlikely,Somewhat active,Unlikely,Unlikely,Unlikely,Unlikely,Unsure,,,,,,,,,,,,,,,,,,
7/16/19 19:36,7/16/19 19:41,52,267,FALSE,8/16/19 19:41,R_1d0NviVaW2LT9Oj,"By checking this box, I confirm that I am 18 years of age or older.,By checking this box, I confirm the following:


 I have read and understand the purpose of the survey, and I am choosing to participate.
 I understand that my participation is voluntary.
 I understand that I can withdraw from the study at any time prior to submission of the survey, with no explanation needed.
 I understand that unless I choose to self-identify at the end of the survey, no identifiable information about me or my library will be recorded.
 I understand that deidentified survey data will be deposited in an open access repository.
 I understand that cookies may be placed on my browser by Qualtrics, the survey software, to enable various features. 
","I agree that excerpts from my open-ended responses may be used for reports, publications, and other research outputs.",My excerpts may only be used anonymously.,"5,000 - 24,999",Yes,Agree,Agree,Agree,Agree,Neutral,Neutral,Agree,Agree,Agree,Strongly agree,Strongly agree,Likely,Likely,Somewhat likely,Likely,Somewhat likely,Likely,Likely,,,,,,,,,,,,,,,,,,
8/16/19 14:16,8/16/19 14:20,52,226,FALSE,9/16/19 14:21,R_1dh4FsmofOH6UAD,"By checking this box, I confirm that I am 18 years of age or older.,By checking this box, I confirm the following:


 I have read and understand the purpose of the survey, and I am choosing to participate.
 I understand that my participation is voluntary.
 I understand that I can withdraw from the study at any time prior to submission of the survey, with no explanation needed.
 I understand that unless I choose to self-identify at the end of the survey, no identifiable information about me or my library will be recorded.
 I understand that deidentified survey data will be deposited in an open access repository.
 I understand that cookies may be placed on my browser by Qualtrics, the survey software, to enable various features. 
",,,"Under 5,000",No,Agree,Agree,Agree,Disagree,Agree,Agree,Neutral,Disagree,Disagree,Neutral,Agree,Likely,Unsure,Unsure,Unsure,Unsure,Unsure,Unsure,,,,,,,,,,,,,,,,,,
8/6/19 14:38,8/6/19 14:45,60,401,FALSE,9/6/19 14:45,R_3RyhrxS2jRSwiQ4,"By checking this box, I confirm that I am 18 years of age or older.,By checking this box, I confirm the following:


 I have read and understand the purpose of the survey, and I am choosing to participate.
 I understand that my participation is voluntary.
 I understand that I can withdraw from the study at any time prior to submission of the survey, with no explanation needed.
 I understand that unless I choose to self-identify at the end of the survey, no identifiable information about me or my library will be recorded.
 I understand that deidentified survey data will be deposited in an open access repository.
 I understand that cookies may be placed on my browser by Qualtrics, the survey software, to enable various features. 
","I agree that excerpts from my open-ended responses may be used for reports, publications, and other research outputs.",My excerpts may only be used anonymously.,"5,000 - 24,999",Yes,Agree,Agree,Agree,Agree,Agree,Agree,Agree,Disagree,Disagree,Agree,Agree,Unsure,Unsure,Unsure,Unsure,Unsure,Unsure,Unsure,Don't know,Don't know,Don't know,Don't know,Don't know,Don't know,Don't know,Don't know,Don't know,Don't know,Don't know,,,,,,,
6/14/19 12:42,6/14/19 13:22,100,2399,TRUE,6/14/19 13:22,R_1EWBhUl68ANQmEu,"By checking this box, I confirm that I am 18 years of age or older.,By checking this box, I confirm the following:


 I have read and understand the purpose of the survey, and I am choosing to participate.
 I understand that my participation is voluntary.
 I understand that I can withdraw from the study at any time prior to submission of the survey, with no explanation needed.
 I understand that unless I choose to self-identify at the end of the survey, no identifiable information about me or my library will be recorded.
 I understand that deidentified survey data will be deposited in an open access repository.
 I understand that cookies may be placed on my browser by Qualtrics, the survey software, to enable various features. 
","I agree that excerpts from my open-ended responses may be used for reports, publications, and other research outputs.","My institution may be included in association with my excerpts.,My name may be included in association with my excerpts.","5,000 - 24,999",No,Strongly agree,Strongly agree,Strongly agree,Agree,Strongly agree,Strongly agree,Strongly agree,Strongly agree,Strongly agree,Strongly agree,Strongly agree,Highly Active,Highly Active,Highly Active,Highly Active,Highly Active,Highly Active,Highly Active,Essential,High importance,High importance,Essential,Essential,Essential,Essential,Essential,Essential,Essential,Essential,Strongly agree,Strongly agree,Disagree,Neutral,Strongly agree,Strongly agree,"Online webinars,Online curriculum,Local or regional in-person workshops,Unpaid student practicum or capstone projects,Community volunteers"
6/17/19 14:15,6/17/19 14:55,100,2370,TRUE,6/17/19 14:55,R_1eVnR1Rrfm8yhOV,"By checking this box, I confirm that I am 18 years of age or older.,By checking this box, I confirm the following:


 I have read and understand the purpose of the survey, and I am choosing to participate.
 I understand that my participation is voluntary.
 I understand that I can withdraw from the study at any time prior to submission of the survey, with no explanation needed.
 I understand that unless I choose to self-identify at the end of the survey, no identifiable information about me or my library will be recorded.
 I understand that deidentified survey data will be deposited in an open access repository.
 I understand that cookies may be placed on my browser by Qualtrics, the survey software, to enable various features. 
","I agree that excerpts from my open-ended responses may be used for reports, publications, and other research outputs.",My excerpts may only be used anonymously.,"Over 250,000",Yes,Strongly agree,Strongly agree,Strongly agree,Strongly agree,Strongly agree,Strongly agree,Agree,Agree,Agree,Strongly agree,Agree,Active,Active,Somewhat likely,Somewhat active,Somewhat active,Active,Highly Active,Low importance,Low importance,High importance,High importance,High importance,Low importance,High importance,Moderate importance,Moderate importance,Low importance,Low importance,Agree,Agree,Neutral,Disagree,Disagree,Agree,"Online webinars,Local or regional in-person workshops"
6/19/19 14:54,6/19/19 15:19,100,1474,TRUE,6/19/19 15:19,R_tWzSfVMlqLs4jhT,"By checking this box, I confirm that I am 18 years of age or older.,By checking this box, I confirm the following:


 I have read and understand the purpose of the survey, and I am choosing to participate.
 I understand that my participation is voluntary.
 I understand that I can withdraw from the study at any time prior to submission of the survey, with no explanation needed.
 I understand that unless I choose to self-identify at the end of the survey, no identifiable information about me or my library will be recorded.
 I understand that deidentified survey data will be deposited in an open access repository.
 I understand that cookies may be placed on my browser by Qualtrics, the survey software, to enable various features. 
","I agree that excerpts from my open-ended responses may be used for reports, publications, and other research outputs.","My institution may be included in association with my excerpts.,My name may be included in association with my excerpts.","5,000 - 24,999",Yes,Strongly agree,Strongly agree,Strongly agree,Agree,Strongly agree,Strongly agree,Strongly agree,Agree,Strongly agree,Strongly agree,Strongly agree,Highly Active,Highly Active,Highly Active,Highly Active,Highly Active,Highly Active,Highly Active,Essential,High importance,High importance,Essential,Essential,Essential,Essential,Essential,Essential,Essential,Essential,Strongly agree,Strongly agree,Strongly agree,Disagree,Neutral,Strongly agree,"Online webinars,Local or regional in-person workshops,Short-term open data consultant,Paid graduate student interns,Unpaid student practicum or capstone projects"
6/25/19 17:37,6/25/19 17:45,100,460,TRUE,6/25/19 17:45,R_2YEOyu9pGyKLN0G,"By checking this box, I confirm that I am 18 years of age or older.,By checking this box, I confirm the following:


 I have read and understand the purpose of the survey, and I am choosing to participate.
 I understand that my participation is voluntary.
 I understand that I can withdraw from the study at any time prior to submission of the survey, with no explanation needed.
 I understand that unless I choose to self-identify at the end of the survey, no identifiable information about me or my library will be recorded.
 I understand that deidentified survey data will be deposited in an open access repository.
 I understand that cookies may be placed on my browser by Qualtrics, the survey software, to enable various features. 
","I agree that excerpts from my open-ended responses may be used for reports, publications, and other research outputs.","My institution may be included in association with my excerpts.,My name may be included in association with my excerpts.","5,000 - 24,999",Yes,Strongly agree,Strongly agree,Strongly agree,Neutral,Agree,Agree,Agree,Neutral,Neutral,Agree,Strongly agree,Likely,Likely,Likely,Somewhat likely,Likely,Highly Active,Likely,Moderate importance,Low importance,Moderate importance,Low importance,Low importance,Moderate importance,High importance,High importance,High importance,High importance,Moderate importance,Agree,Strongly agree,Neutral,Disagree,Neutral,Not sure,"Online webinars,Online curriculum,Short-term open data consultant,Unpaid student practicum or capstone projects,Community volunteers"
7/3/19 11:27,7/3/19 11:37,100,580,TRUE,7/3/19 11:37,R_25vCWokGkM83VDT,"By checking this box, I confirm that I am 18 years of age or older.,By checking this box, I confirm the following:


 I have read and understand the purpose of the survey, and I am choosing to participate.
 I understand that my participation is voluntary.
 I understand that I can withdraw from the study at any time prior to submission of the survey, with no explanation needed.
 I understand that unless I choose to self-identify at the end of the survey, no identifiable information about me or my library will be recorded.
 I understand that deidentified survey data will be deposited in an open access repository.
 I understand that cookies may be placed on my browser by Qualtrics, the survey software, to enable various features. 
","I agree that excerpts from my open-ended responses may be used for reports, publications, and other research outputs.",My institution may be included in association with my excerpts.,"100,000 - 249,999",Yes,Strongly agree,Strongly agree,Strongly agree,Strongly agree,Strongly agree,Strongly agree,Agree,Strongly agree,Strongly agree,Agree,Strongly agree,Active,Active,Active,Active,Active,Active,Active,High importance,High importance,Moderate importance,High importance,High importance,Moderate importance,High importance,Moderate importance,High importance,High importance,Moderate importance,Strongly agree,Strongly agree,Disagree,Disagree,Neutral,Agree,"Online webinars,Online curriculum,Local or regional in-person workshops,Short-term open data consultant,Paid graduate student interns,Unpaid student practicum or capstone projects,Community volunteers"
8/16/19 12:10,8/16/19 14:25,100,8092,TRUE,8/16/19 14:25,R_0rBKZEICUEmrI0F,"By checking this box, I confirm that I am 18 years of age or older.,By checking this box, I confirm the following:


 I have read and understand the purpose of the survey, and I am choosing to participate.
 I understand that my participation is voluntary.
 I understand that I can withdraw from the study at any time prior to submission of the survey, with no explanation needed.
 I understand that unless I choose to self-identify at the end of the survey, no identifiable information about me or my library will be recorded.
 I understand that deidentified survey data will be deposited in an open access repository.
 I understand that cookies may be placed on my browser by Qualtrics, the survey software, to enable various features. 
","I agree that excerpts from my open-ended responses may be used for reports, publications, and other research outputs.",My excerpts may only be used anonymously.,"25,000 - 99,999",Yes,Strongly agree,Strongly agree,Strongly agree,Strongly agree,Strongly agree,Strongly agree,Strongly agree,Strongly agree,Strongly agree,Strongly agree,Strongly agree,Highly Active,Highly Active,Highly Active,Highly Active,Highly Active,Highly Active,Highly Active,Essential,Moderate importance,Moderate importance,Moderate importance,Moderate importance,Moderate importance,Essential,Essential,Essential,High importance,High importance,Agree,Agree,Not sure,Neutral,Not sure,Neutral,"Online webinars,Online curriculum,Local or regional in-person workshops,Paid graduate student interns"
8/19/19 16:42,8/19/19 16:55,100,775,TRUE,8/19/19 16:55,R_1Lb9dsA7H0zCDVl,"By checking this box, I confirm that I am 18 years of age or older.,By checking this box, I confirm the following:


 I have read and understand the purpose of the survey, and I am choosing to participate.
 I understand that my participation is voluntary.
 I understand that I can withdraw from the study at any time prior to submission of the survey, with no explanation needed.
 I understand that unless I choose to self-identify at the end of the survey, no identifiable information about me or my library will be recorded.
 I understand that deidentified survey data will be deposited in an open access repository.
 I understand that cookies may be placed on my browser by Qualtrics, the survey software, to enable various features. 
","I agree that excerpts from my open-ended responses may be used for reports, publications, and other research outputs.","My institution may be included in association with my excerpts.,My excerpts may only be used anonymously.","5,000 - 24,999",Yes,Strongly agree,Strongly agree,Strongly agree,Agree,Agree,Strongly agree,Strongly agree,Agree,Agree,Agree,Strongly agree,Highly Active,Active,Active,Highly Active,Somewhat active,Highly Active,Highly Active,High importance,High importance,High importance,High importance,Essential,Essential,Essential,Essential,Essential,Essential,High importance,Strongly agree,Strongly agree,Disagree,Disagree,Agree,Strongly agree,"Online webinars,Online curriculum,Local or regional in-person workshops,Short-term open data consultant,Paid graduate student interns,Unpaid student practicum or capstone projects,Community volunteers"
8/21/19 9:32,8/21/19 9:44,100,745,TRUE,8/21/19 9:44,R_3iR9cfeJtwzZUKD,"By checking this box, I confirm that I am 18 years of age or older.,By checking this box, I confirm the following:


 I have read and understand the purpose of the survey, and I am choosing to participate.
 I understand that my participation is voluntary.
 I understand that I can withdraw from the study at any time prior to submission of the survey, with no explanation needed.
 I understand that unless I choose to self-identify at the end of the survey, no identifiable information about me or my library will be recorded.
 I understand that deidentified survey data will be deposited in an open access repository.
 I understand that cookies may be placed on my browser by Qualtrics, the survey software, to enable various features. 
","I agree that excerpts from my open-ended responses may be used for reports, publications, and other research outputs.",My excerpts may only be used anonymously.,"100,000 - 249,999",Yes,Strongly agree,Strongly agree,Strongly agree,Agree,Strongly agree,Agree,Neutral,Disagree,Disagree,Agree,Agree,Somewhat likely,Somewhat active,Somewhat likely,Active,Somewhat likely,Likely,Somewhat likely,High importance,Moderate importance,High importance,Low importance,High importance,Moderate importance,Low importance,High importance,High importance,Essential,High importance,Strongly agree,Neutral,Disagree,Disagree,Neutral,Agree,"Online webinars,Online curriculum,Local or regional in-person workshops,Unpaid student practicum or capstone projects,Community volunteers"
8/21/19 10:58,8/21/19 11:16,100,1048,TRUE,8/21/19 11:16,R_cZ3vILD5hurVZXX,"By checking this box, I confirm that I am 18 years of age or older.,By checking this box, I confirm the following:


 I have read and understand the purpose of the survey, and I am choosing to participate.
 I understand that my participation is voluntary.
 I understand that I can withdraw from the study at any time prior to submission of the survey, with no explanation needed.
 I understand that unless I choose to self-identify at the end of the survey, no identifiable information about me or my library will be recorded.
 I understand that deidentified survey data will be deposited in an open access repository.
 I understand that cookies may be placed on my browser by Qualtrics, the survey software, to enable various features. 
","I agree that excerpts from my open-ended responses may be used for reports, publications, and other research outputs.","My institution may be included in association with my excerpts.,My name may be included in association with my excerpts.","25,000 - 99,999",No,Strongly agree,Agree,Agree,Neutral,Strongly agree,Strongly agree,Agree,Neutral,Neutral,Agree,Agree,Somewhat active,Somewhat active,Somewhat active,Likely,Somewhat active,Somewhat active,Somewhat likely,Essential,High importance,High importance,Moderate importance,Moderate importance,Essential,Essential,Essential,High importance,High importance,High importance,Strongly agree,Agree,Agree,Agree,Neutral,Neutral,"Online webinars,Community volunteers"
6/14/19 12:18,6/14/19 12:22,100,241,TRUE,6/14/19 12:22,R_3p5aHtv2ZnMKz25,"By checking this box, I confirm that I am 18 years of age or older.,By checking this box, I confirm the following:


 I have read and understand the purpose of the survey, and I am choosing to participate.
 I understand that my participation is voluntary.
 I understand that I can withdraw from the study at any time prior to submission of the survey, with no explanation needed.
 I understand that unless I choose to self-identify at the end of the survey, no identifiable information about me or my library will be recorded.
 I understand that deidentified survey data will be deposited in an open access repository.
 I understand that cookies may be placed on my browser by Qualtrics, the survey software, to enable various features. 
","I agree that excerpts from my open-ended responses may be used for reports, publications, and other research outputs.",My institution may be included in association with my excerpts.,"100,000 - 249,999",Yes,Neutral,Agree,Neutral,Strongly agree,Agree,Agree,Agree,Agree,Agree,Strongly agree,Strongly agree,Unlikely,Somewhat active,Unlikely,Somewhat likely,Unlikely,Unlikely,Unlikely,Moderate importance,Low importance,Low importance,Low importance,Low importance,Low importance,Low importance,High importance,High importance,Low importance,Essential,Neutral,Neutral,Neutral,Strongly agree,Agree,Disagree,"Online webinars,Online curriculum,Local or regional in-person workshops"
6/18/19 7:32,6/18/19 7:40,100,469,TRUE,6/18/19 7:40,R_1OUXyavSjzl8vhZ,"By checking this box, I confirm that I am 18 years of age or older.,By checking this box, I confirm the following:


 I have read and understand the purpose of the survey, and I am choosing to participate.
 I understand that my participation is voluntary.
 I understand that I can withdraw from the study at any time prior to submission of the survey, with no explanation needed.
 I understand that unless I choose to self-identify at the end of the survey, no identifiable information about me or my library will be recorded.
 I understand that deidentified survey data will be deposited in an open access repository.
 I understand that cookies may be placed on my browser by Qualtrics, the survey software, to enable various features. 
","I agree that excerpts from my open-ended responses may be used for reports, publications, and other research outputs.",My excerpts may only be used anonymously.,"Over 250,000",Yes,Neutral,Disagree,Disagree,Strongly agree,Agree,Disagree,Disagree,Strongly disagree,Neutral,Strongly agree,Neutral,Somewhat likely,Likely,Unsure,Likely,Likely,Unlikely,Somewhat likely,Low importance,Low importance,Not important,Not important,Low importance,Low importance,Low importance,Low importance,Low importance,Low importance,Essential,Agree,Neutral,Disagree,Agree,Strongly agree,Agree,"Online webinars,Local or regional in-person workshops,Short-term open data consultant,Unpaid student practicum or capstone projects"
6/18/19 11:34,6/18/19 11:48,100,799,TRUE,6/18/19 11:48,R_3VRupzOUinfmpxv,"By checking this box, I confirm that I am 18 years of age or older.,By checking this box, I confirm the following:


 I have read and understand the purpose of the survey, and I am choosing to participate.
 I understand that my participation is voluntary.
 I understand that I can withdraw from the study at any time prior to submission of the survey, with no explanation needed.
 I understand that unless I choose to self-identify at the end of the survey, no identifiable information about me or my library will be recorded.
 I understand that deidentified survey data will be deposited in an open access repository.
 I understand that cookies may be placed on my browser by Qualtrics, the survey software, to enable various features. 
","I agree that excerpts from my open-ended responses may be used for reports, publications, and other research outputs.",My excerpts may only be used anonymously.,"Over 250,000",Yes,Neutral,Strongly agree,Strongly agree,Strongly agree,Agree,Agree,Agree,Agree,Agree,Strongly agree,Strongly agree,Unsure,Active,Unsure,Somewhat likely,Somewhat likely,Likely,Unsure,High importance,High importance,High importance,Don't know,Don't know,Don't know,Don't know,High importance,High importance,High importance,High importance,Strongly agree,Not sure,Not sure,Not sure,Not sure,Agree,"Online webinars,Local or regional in-person workshops,Paid graduate student interns"
6/19/19 14:46,6/19/19 15:03,100,995,TRUE,6/19/19 15:03,R_2cdqVt1h8fydLjK,"By checking this box, I confirm that I am 18 years of age or older.,By checking this box, I confirm the following:


 I have read and understand the purpose of the survey, and I am choosing to participate.
 I understand that my participation is voluntary.
 I understand that I can withdraw from the study at any time prior to submission of the survey, with no explanation needed.
 I understand that unless I choose to self-identify at the end of the survey, no identifiable information about me or my library will be recorded.
 I understand that deidentified survey data will be deposited in an open access repository.
 I understand that cookies may be placed on my browser by Qualtrics, the survey software, to enable various features. 
","I agree that excerpts from my open-ended responses may be used for reports, publications, and other research outputs.",My excerpts may only be used anonymously.,"Over 250,000",No,Neutral,Agree,Agree,Agree,Agree,Strongly agree,Strongly agree,Neutral,Neutral,Neutral,Agree,Unlikely,Active,Somewhat likely,Active,Somewhat active,Somewhat likely,Likely,Moderate importance,Don't know,Don't know,Moderate importance,High importance,Essential,Essential,High importance,High importance,High importance,Essential,Neutral,Agree,Neutral,Agree,Agree,Neutral,"Online webinars,Local or regional in-person workshops"
6/24/19 15:42,6/24/19 16:07,100,1475,TRUE,6/24/19 16:07,R_2q1ONQgq9XCIF39,"By checking this box, I confirm that I am 18 years of age or older.,By checking this box, I confirm the following:


 I have read and understand the purpose of the survey, and I am choosing to participate.
 I understand that my participation is voluntary.
 I understand that I can withdraw from the study at any time prior to submission of the survey, with no explanation needed.
 I understand that unless I choose to self-identify at the end of the survey, no identifiable information about me or my library will be recorded.
 I understand that deidentified survey data will be deposited in an open access repository.
 I understand that cookies may be placed on my browser by Qualtrics, the survey software, to enable various features. 
",,,"Under 5,000",No,Neutral,Strongly agree,Agree,Disagree,Strongly agree,Strongly agree,Strongly agree,Agree,Strongly agree,Strongly agree,Strongly agree,Unsure,Active,Unlikely,Unsure,Unlikely,Likely,Unsure,Don't know,Don't know,Don't know,Don't know,Don't know,Don't know,Don't know,Don't know,Don't know,Don't know,Don't know,Not sure,Not sure,Not sure,Not sure,Not sure,Not sure,"Online curriculum,Paid graduate student interns,Unpaid student practicum or capstone projects,Community volunteers"
7/17/19 20:33,7/17/19 20:43,100,606,TRUE,7/17/19 20:43,R_27ExbewHwAiEJWe,"By checking this box, I confirm that I am 18 years of age or older.,By checking this box, I confirm the following:


 I have read and understand the purpose of the survey, and I am choosing to participate.
 I understand that my participation is voluntary.
 I understand that I can withdraw from the study at any time prior to submission of the survey, with no explanation needed.
 I understand that unless I choose to self-identify at the end of the survey, no identifiable information about me or my library will be recorded.
 I understand that deidentified survey data will be deposited in an open access repository.
 I understand that cookies may be placed on my browser by Qualtrics, the survey software, to enable various features. 
","I agree that excerpts from my open-ended responses may be used for reports, publications, and other research outputs.",My excerpts may only be used anonymously.,"Under 5,000",No,Neutral,Agree,Agree,Strongly disagree,Strongly disagree,Strongly disagree,Disagree,Disagree,Disagree,Agree,Agree,Unlikely,Unlikely,Unlikely,Unlikely,Unlikely,Somewhat active,Unlikely,Moderate importance,Not important,Not important,Not important,Not important,Low importance,Low importance,Low importance,Low importance,Low importance,Low importance,Strongly disagree,Strongly disagree,Strongly disagree,Agree,Agree,Strongly disagree,"Online webinars,Local or regional in-person workshops,Short-term open data consultant,Community volunteers"
7/22/19 14:30,7/22/19 14:49,100,1109,TRUE,7/22/19 14:49,R_21gCXp6PAxWXyg6,"By checking this box, I confirm that I am 18 years of age or older.,By checking this box, I confirm the following:


 I have read and understand the purpose of the survey, and I am choosing to participate.
 I understand that my participation is voluntary.
 I understand that I can withdraw from the study at any time prior to submission of the survey, with no explanation needed.
 I understand that unless I choose to self-identify at the end of the survey, no identifiable information about me or my library will be recorded.
 I understand that deidentified survey data will be deposited in an open access repository.
 I understand that cookies may be placed on my browser by Qualtrics, the survey software, to enable various features. 
","I agree that excerpts from my open-ended responses may be used for reports, publications, and other research outputs.",My excerpts may only be used anonymously.,"25,000 - 99,999",Yes,Neutral,Agree,Agree,Neutral,Agree,Strongly agree,Agree,Agree,Agree,Agree,Agree,Likely,Somewhat likely,Somewhat likely,Somewhat active,Somewhat active,Somewhat active,Somewhat likely,Essential,Essential,Essential,High importance,High importance,Essential,Essential,High importance,High importance,High importance,High importance,Strongly agree,Agree,Strongly disagree,Strongly agree,Neutral,Neutral,"Local or regional in-person workshops,Short-term open data consultant,Paid graduate student interns,Unpaid student practicum or capstone projects"
8/21/19 10:14,8/21/19 10:24,100,584,TRUE,8/21/19 10:24,R_XNFbn7qR29OVIad,"By checking this box, I confirm that I am 18 years of age or older.,By checking this box, I confirm the following:


 I have read and understand the purpose of the survey, and I am choosing to participate.
 I understand that my participation is voluntary.
 I understand that I can withdraw from the study at any time prior to submission of the survey, with no explanation needed.
 I understand that unless I choose to self-identify at the end of the survey, no identifiable information about me or my library will be recorded.
 I understand that deidentified survey data will be deposited in an open access repository.
 I understand that cookies may be placed on my browser by Qualtrics, the survey software, to enable various features. 
","I agree that excerpts from my open-ended responses may be used for reports, publications, and other research outputs.","My institution may be included in association with my excerpts.,My name may be included in association with my excerpts.","100,000 - 249,999",Yes,Neutral,Agree,Strongly agree,Neutral,Agree,Agree,Neutral,Agree,Neutral,Agree,Neutral,Somewhat likely,Active,Somewhat likely,Likely,Likely,Somewhat active,Somewhat likely,Essential,Essential,Essential,Essential,High importance,Essential,Essential,Essential,High importance,High importance,Essential,Neutral,Agree,Disagree,Agree,Strongly agree,Agree,"Online webinars,Online curriculum,Local or regional in-person workshops,Short-term open data consultant"
6/14/19 17:22,6/14/19 17:30,100,481,TRUE,6/14/19 17:30,R_3oZyz7tPboLM0aY,"By checking this box, I confirm that I am 18 years of age or older.,By checking this box, I confirm the following:


 I have read and understand the purpose of the survey, and I am choosing to participate.
 I understand that my participation is voluntary.
 I understand that I can withdraw from the study at any time prior to submission of the survey, with no explanation needed.
 I understand that unless I choose to self-identify at the end of the survey, no identifiable information about me or my library will be recorded.
 I understand that deidentified survey data will be deposited in an open access repository.
 I understand that cookies may be placed on my browser by Qualtrics, the survey software, to enable various features. 
","I agree that excerpts from my open-ended responses may be used for reports, publications, and other research outputs.",My name may be included in association with my excerpts.,"Under 5,000",Yes,Disagree,Neutral,Strongly agree,Disagree,Agree,Agree,Neutral,Agree,Agree,Agree,Agree,Somewhat active,Likely,Likely,Likely,Likely,Likely,Likely,High importance,Moderate importance,Moderate importance,Don't know,Don't know,Don't know,High importance,Moderate importance,High importance,High importance,High importance,Agree,Agree,Disagree,Disagree,Not sure,Agree,"Online webinars,Online curriculum,Local or regional in-person workshops,Short-term open data consultant,Paid graduate student interns,Unpaid student practicum or capstone projects,Community volunteers"
6/18/19 10:42,6/18/19 10:48,100,396,TRUE,6/18/19 10:48,R_3PgzOoDAQQBYa4m,"By checking this box, I confirm that I am 18 years of age or older.,By checking this box, I confirm the following:


 I have read and understand the purpose of the survey, and I am choosing to participate.
 I understand that my participation is voluntary.
 I understand that I can withdraw from the study at any time prior to submission of the survey, with no explanation needed.
 I understand that unless I choose to self-identify at the end of the survey, no identifiable information about me or my library will be recorded.
 I understand that deidentified survey data will be deposited in an open access repository.
 I understand that cookies may be placed on my browser by Qualtrics, the survey software, to enable various features. 
","I agree that excerpts from my open-ended responses may be used for reports, publications, and other research outputs.",My excerpts may only be used anonymously.,"5,000 - 24,999",Yes,Disagree,Agree,Agree,Disagree,Strongly agree,Strongly agree,Agree,Agree,Agree,Strongly agree,Agree,Somewhat likely,Somewhat likely,Likely,Somewhat likely,Somewhat likely,Likely,Somewhat likely,Low importance,Low importance,Low importance,Not important,Not important,Not important,Low importance,Low importance,Moderate importance,Low importance,Essential,Agree,Disagree,Strongly disagree,Strongly agree,Strongly agree,Neutral,Online webinars
6/18/19 15:39,6/18/19 15:51,100,674,TRUE,6/18/19 15:51,R_9RcAwkVOsOA3Esh,"By checking this box, I confirm that I am 18 years of age or older.,By checking this box, I confirm the following:


 I have read and understand the purpose of the survey, and I am choosing to participate.
 I understand that my participation is voluntary.
 I understand that I can withdraw from the study at any time prior to submission of the survey, with no explanation needed.
 I understand that unless I choose to self-identify at the end of the survey, no identifiable information about me or my library will be recorded.
 I understand that deidentified survey data will be deposited in an open access repository.
 I understand that cookies may be placed on my browser by Qualtrics, the survey software, to enable various features. 
","I agree that excerpts from my open-ended responses may be used for reports, publications, and other research outputs.",My excerpts may only be used anonymously.,"Under 5,000",Yes,Disagree,Strongly agree,Agree,Disagree,Neutral,Agree,Agree,Strongly disagree,Disagree,Strongly agree,Strongly agree,Likely,Somewhat likely,Likely,Unlikely,Unlikely,Likely,Active,Low importance,Not important,Low importance,Not important,Not important,Moderate importance,Moderate importance,Moderate importance,Moderate importance,High importance,High importance,Disagree,Disagree,Strongly disagree,Strongly agree,Strongly agree,Neutral,"Online webinars,Local or regional in-person workshops"
6/20/19 10:52,6/20/19 11:30,100,2272,TRUE,6/20/19 11:30,R_3PA0AADKzO4DMZg,"By checking this box, I confirm that I am 18 years of age or older.,By checking this box, I confirm the following:


 I have read and understand the purpose of the survey, and I am choosing to participate.
 I understand that my participation is voluntary.
 I understand that I can withdraw from the study at any time prior to submission of the survey, with no explanation needed.
 I understand that unless I choose to self-identify at the end of the survey, no identifiable information about me or my library will be recorded.
 I understand that deidentified survey data will be deposited in an open access repository.
 I understand that cookies may be placed on my browser by Qualtrics, the survey software, to enable various features. 
","I agree that excerpts from my open-ended responses may be used for reports, publications, and other research outputs.",My excerpts may only be used anonymously.,"Over 250,000",Yes,Disagree,Disagree,Agree,Agree,Agree,Agree,Neutral,Disagree,Disagree,Neutral,Disagree,Somewhat likely,Somewhat active,Somewhat likely,Somewhat likely,Somewhat likely,Somewhat likely,Somewhat active,Moderate importance,Moderate importance,Moderate importance,Low importance,Low importance,Moderate importance,Moderate importance,Low importance,Moderate importance,Moderate importance,High importance,Neutral,Agree,Disagree,Neutral,Agree,Strongly agree,"Online webinars,Online curriculum,Local or regional in-person workshops,Short-term open data consultant,Paid graduate student interns"
6/14/19 13:06,6/14/19 13:41,100,2076,TRUE,6/14/19 13:41,R_2rPy7iFknzqh36K,"By checking this box, I confirm that I am 18 years of age or older.,By checking this box, I confirm the following:


 I have read and understand the purpose of the survey, and I am choosing to participate.
 I understand that my participation is voluntary.
 I understand that I can withdraw from the study at any time prior to submission of the survey, with no explanation needed.
 I understand that unless I choose to self-identify at the end of the survey, no identifiable information about me or my library will be recorded.
 I understand that deidentified survey data will be deposited in an open access repository.
 I understand that cookies may be placed on my browser by Qualtrics, the survey software, to enable various features. 
","I agree that excerpts from my open-ended responses may be used for reports, publications, and other research outputs.",My excerpts may only be used anonymously.,"5,000 - 24,999",No,Agree,Agree,Agree,Agree,Agree,Strongly agree,Agree,Neutral,Neutral,Agree,Agree,Likely,Likely,Likely,Likely,Likely,Likely,Likely,High importance,High importance,High importance,Low importance,Low importance,High importance,High importance,Moderate importance,Essential,Moderate importance,Low importance,Neutral,Neutral,Neutral,Agree,Disagree,Agree,"Online webinars,Online curriculum,Local or regional in-person workshops,Unpaid student practicum or capstone projects,Community volunteers"
6/14/19 14:05,6/14/19 14:12,100,434,TRUE,6/14/19 14:12,R_1jva9doYEdjXmTf,"By checking this box, I confirm that I am 18 years of age or older.,By checking this box, I confirm the following:


 I have read and understand the purpose of the survey, and I am choosing to participate.
 I understand that my participation is voluntary.
 I understand that I can withdraw from the study at any time prior to submission of the survey, with no explanation needed.
 I understand that unless I choose to self-identify at the end of the survey, no identifiable information about me or my library will be recorded.
 I understand that deidentified survey data will be deposited in an open access repository.
 I understand that cookies may be placed on my browser by Qualtrics, the survey software, to enable various features. 
","I agree that excerpts from my open-ended responses may be used for reports, publications, and other research outputs.","My institution may be included in association with my excerpts.,My name may be included in association with my excerpts.","25,000 - 99,999",No,Agree,Agree,Agree,Strongly disagree,Agree,Agree,Agree,Agree,Neutral,Agree,Agree,Likely,Likely,Likely,Likely,Likely,Likely,Likely,Essential,Essential,Essential,High importance,Essential,Essential,Essential,Don't know,High importance,Don't know,High importance,Neutral,Agree,Strongly disagree,Agree,Agree,Agree,"Online webinars,Online curriculum,Local or regional in-person workshops,Paid graduate student interns,Unpaid student practicum or capstone projects"
6/14/19 15:20,6/14/19 15:26,100,345,TRUE,6/14/19 15:26,R_Dc4ZA8t4PMMfAmR,"By checking this box, I confirm that I am 18 years of age or older.,By checking this box, I confirm the following:


 I have read and understand the purpose of the survey, and I am choosing to participate.
 I understand that my participation is voluntary.
 I understand that I can withdraw from the study at any time prior to submission of the survey, with no explanation needed.
 I understand that unless I choose to self-identify at the end of the survey, no identifiable information about me or my library will be recorded.
 I understand that deidentified survey data will be deposited in an open access repository.
 I understand that cookies may be placed on my browser by Qualtrics, the survey software, to enable various features. 
","I agree that excerpts from my open-ended responses may be used for reports, publications, and other research outputs.",,"Over 250,000",Yes,Agree,Strongly agree,Agree,Neutral,Strongly agree,Strongly agree,Strongly agree,Agree,Agree,Agree,Strongly agree,Active,Highly Active,Active,Active,Somewhat active,Likely,Somewhat active,High importance,Essential,Essential,Moderate importance,High importance,High importance,Moderate importance,High importance,High importance,High importance,Essential,Neutral,Agree,Agree,Neutral,Agree,Neutral,"Online webinars,Online curriculum,Local or regional in-person workshops,Short-term open data consultant"
6/14/19 15:15,6/14/19 15:26,100,654,TRUE,6/14/19 15:26,R_pcSSGBhCZH0ALRf,"By checking this box, I confirm that I am 18 years of age or older.,By checking this box, I confirm the following:


 I have read and understand the purpose of the survey, and I am choosing to participate.
 I understand that my participation is voluntary.
 I understand that I can withdraw from the study at any time prior to submission of the survey, with no explanation needed.
 I understand that unless I choose to self-identify at the end of the survey, no identifiable information about me or my library will be recorded.
 I understand that deidentified survey data will be deposited in an open access repository.
 I understand that cookies may be placed on my browser by Qualtrics, the survey software, to enable various features. 
","I agree that excerpts from my open-ended responses may be used for reports, publications, and other research outputs.",My excerpts may only be used anonymously.,"5,000 - 24,999",No,Agree,Agree,Strongly agree,Disagree,Strongly agree,Strongly agree,Agree,Strongly disagree,Strongly disagree,Strongly agree,Strongly agree,Active,Active,Somewhat likely,Likely,Unlikely,Unlikely,Highly Active,Moderate importance,Low importance,Low importance,Low importance,Low importance,Moderate importance,Low importance,Low importance,Low importance,Low importance,High importance,Agree,Disagree,Disagree,Agree,Not sure,Disagree,"Online webinars,Local or regional in-person workshops"
6/14/19 15:28,6/14/19 15:50,100,1286,TRUE,6/14/19 15:50,R_1Nqvurhm5vAkVVy,"By checking this box, I confirm that I am 18 years of age or older.,By checking this box, I confirm the following:


 I have read and understand the purpose of the survey, and I am choosing to participate.
 I understand that my participation is voluntary.
 I understand that I can withdraw from the study at any time prior to submission of the survey, with no explanation needed.
 I understand that unless I choose to self-identify at the end of the survey, no identifiable information about me or my library will be recorded.
 I understand that deidentified survey data will be deposited in an open access repository.
 I understand that cookies may be placed on my browser by Qualtrics, the survey software, to enable various features. 
","I agree that excerpts from my open-ended responses may be used for reports, publications, and other research outputs.","My institution may be included in association with my excerpts.,My name may be included in association with my excerpts.","Over 250,000",Yes,Agree,Agree,Agree,Neutral,Strongly agree,Strongly agree,Agree,Neutral,Agree,Strongly agree,Strongly agree,Somewhat likely,Somewhat likely,Unlikely,Likely,Unlikely,Unlikely,Highly Active,Essential,High importance,High importance,Essential,High importance,Essential,Essential,Essential,Essential,Essential,Essential,Agree,Agree,Neutral,Neutral,Agree,Neutral,"Online webinars,Online curriculum,Local or regional in-person workshops,Short-term open data consultant,Paid graduate student interns,Unpaid student practicum or capstone projects,Community volunteers"
6/14/19 17:01,6/14/19 17:06,100,274,TRUE,6/14/19 17:06,R_2dvdoCgvuDI9QuE,"By checking this box, I confirm that I am 18 years of age or older.,By checking this box, I confirm the following:


 I have read and understand the purpose of the survey, and I am choosing to participate.
 I understand that my participation is voluntary.
 I understand that I can withdraw from the study at any time prior to submission of the survey, with no explanation needed.
 I understand that unless I choose to self-identify at the end of the survey, no identifiable information about me or my library will be recorded.
 I understand that deidentified survey data will be deposited in an open access repository.
 I understand that cookies may be placed on my browser by Qualtrics, the survey software, to enable various features. 
",,,"5,000 - 24,999",No,Agree,Strongly agree,Strongly agree,Disagree,Strongly agree,Strongly agree,Strongly agree,Agree,Strongly agree,Strongly agree,Neutral,Somewhat active,Highly Active,Likely,Likely,Somewhat likely,Unlikely,Likely,Moderate importance,Moderate importance,Moderate importance,Low importance,High importance,Moderate importance,High importance,High importance,High importance,High importance,Essential,Neutral,Neutral,Neutral,Agree,Agree,Strongly agree,"Online webinars,Online curriculum,Local or regional in-person workshops,Short-term open data consultant,Paid graduate student interns,Unpaid student practicum or capstone projects,Community volunteers"
6/17/19 11:04,6/17/19 11:16,100,764,TRUE,6/17/19 11:16,R_3GkURDGYNkWssxU,"By checking this box, I confirm that I am 18 years of age or older.,By checking this box, I confirm the following:


 I have read and understand the purpose of the survey, and I am choosing to participate.
 I understand that my participation is voluntary.
 I understand that I can withdraw from the study at any time prior to submission of the survey, with no explanation needed.
 I understand that unless I choose to self-identify at the end of the survey, no identifiable information about me or my library will be recorded.
 I understand that deidentified survey data will be deposited in an open access repository.
 I understand that cookies may be placed on my browser by Qualtrics, the survey software, to enable various features. 
","I agree that excerpts from my open-ended responses may be used for reports, publications, and other research outputs.","My institution may be included in association with my excerpts.,My name may be included in association with my excerpts.,My excerpts may only be used anonymously.","5,000 - 24,999",Yes,Agree,Agree,Strongly agree,Neutral,Strongly agree,Strongly agree,Agree,Neutral,Agree,Strongly agree,Strongly agree,Unsure,Unsure,Unsure,Somewhat likely,Unsure,Unsure,Unsure,Don't know,Don't know,Don't know,Don't know,Don't know,Don't know,Don't know,Don't know,Don't know,Don't know,High importance,Agree,Agree,Agree,Agree,Agree,Not sure,"Local or regional in-person workshops,Short-term open data consultant,Paid graduate student interns"
6/17/19 11:46,6/17/19 12:04,100,1074,TRUE,6/17/19 12:04,R_3IxoluRez2PvsC5,"By checking this box, I confirm that I am 18 years of age or older.,By checking this box, I confirm the following:


 I have read and understand the purpose of the survey, and I am choosing to participate.
 I understand that my participation is voluntary.
 I understand that I can withdraw from the study at any time prior to submission of the survey, with no explanation needed.
 I understand that unless I choose to self-identify at the end of the survey, no identifiable information about me or my library will be recorded.
 I understand that deidentified survey data will be deposited in an open access repository.
 I understand that cookies may be placed on my browser by Qualtrics, the survey software, to enable various features. 
","I agree that excerpts from my open-ended responses may be used for reports, publications, and other research outputs.",My excerpts may only be used anonymously.,"Over 250,000",Yes,Agree,Strongly agree,Disagree,Strongly agree,Agree,Agree,Agree,Agree,Disagree,Neutral,Disagree,Somewhat active,Somewhat active,Somewhat active,Somewhat active,Somewhat active,Somewhat active,Somewhat active,Essential,High importance,High importance,Moderate importance,High importance,High importance,High importance,Essential,Essential,High importance,Moderate importance,Strongly agree,Neutral,Agree,Strongly agree,Agree,Agree,"Online webinars,Online curriculum,Local or regional in-person workshops"
6/17/19 12:18,6/17/19 12:28,100,569,TRUE,6/17/19 12:28,R_248bmCOsETh6zyA,"By checking this box, I confirm that I am 18 years of age or older.,By checking this box, I confirm the following:


 I have read and understand the purpose of the survey, and I am choosing to participate.
 I understand that my participation is voluntary.
 I understand that I can withdraw from the study at any time prior to submission of the survey, with no explanation needed.
 I understand that unless I choose to self-identify at the end of the survey, no identifiable information about me or my library will be recorded.
 I understand that deidentified survey data will be deposited in an open access repository.
 I understand that cookies may be placed on my browser by Qualtrics, the survey software, to enable various features. 
","I agree that excerpts from my open-ended responses may be used for reports, publications, and other research outputs.","My institution may be included in association with my excerpts.,My name may be included in association with my excerpts.","Over 250,000",Yes,Agree,Agree,Disagree,Agree,Agree,Agree,Neutral,Agree,Agree,Agree,Strongly agree,Somewhat active,Somewhat active,Unlikely,Likely,Likely,Somewhat likely,Likely,High importance,Moderate importance,Low importance,Not important,Not important,Low importance,Essential,Low importance,High importance,Moderate importance,Not important,Neutral,Neutral,Agree,Neutral,Disagree,Neutral,"Online webinars,Online curriculum,Local or regional in-person workshops"
6/17/19 12:35,6/17/19 12:43,100,523,TRUE,6/17/19 12:43,R_1lzArztt2MqbnBN,"By checking this box, I confirm that I am 18 years of age or older.,By checking this box, I confirm the following:


 I have read and understand the purpose of the survey, and I am choosing to participate.
 I understand that my participation is voluntary.
 I understand that I can withdraw from the study at any time prior to submission of the survey, with no explanation needed.
 I understand that unless I choose to self-identify at the end of the survey, no identifiable information about me or my library will be recorded.
 I understand that deidentified survey data will be deposited in an open access repository.
 I understand that cookies may be placed on my browser by Qualtrics, the survey software, to enable various features. 
","I agree that excerpts from my open-ended responses may be used for reports, publications, and other research outputs.",My excerpts may only be used anonymously.,"5,000 - 24,999",Yes,Agree,Agree,Strongly agree,Strongly agree,Agree,Agree,Agree,Neutral,Neutral,Strongly agree,Agree,Somewhat likely,Somewhat active,Unlikely,Somewhat active,Somewhat active,Active,Active,Low importance,Not important,Not important,Low importance,Low importance,Moderate importance,Moderate importance,High importance,Moderate importance,Not important,Moderate importance,Strongly agree,Agree,Neutral,Agree,Agree,Neutral,"Local or regional in-person workshops,Short-term open data consultant,Unpaid student practicum or capstone projects,Community volunteers"
6/18/19 2:57,6/18/19 3:05,100,479,TRUE,6/18/19 3:05,R_5d9GpCahEEYzoAx,"By checking this box, I confirm that I am 18 years of age or older.,By checking this box, I confirm the following:


 I have read and understand the purpose of the survey, and I am choosing to participate.
 I understand that my participation is voluntary.
 I understand that I can withdraw from the study at any time prior to submission of the survey, with no explanation needed.
 I understand that unless I choose to self-identify at the end of the survey, no identifiable information about me or my library will be recorded.
 I understand that deidentified survey data will be deposited in an open access repository.
 I understand that cookies may be placed on my browser by Qualtrics, the survey software, to enable various features. 
","I agree that excerpts from my open-ended responses may be used for reports, publications, and other research outputs.",My excerpts may only be used anonymously.,"25,000 - 99,999",No,Agree,Strongly agree,Strongly agree,Neutral,Strongly agree,Strongly agree,Strongly agree,Disagree,Disagree,Strongly agree,Strongly agree,Active,Highly Active,Active,Highly Active,Highly Active,Somewhat active,Active,Essential,Essential,Essential,Low importance,Low importance,Essential,Essential,Essential,Essential,Essential,Essential,Strongly agree,Strongly agree,Strongly agree,Strongly disagree,Strongly agree,Strongly agree,"Online webinars,Online curriculum,Local or regional in-person workshops,Short-term open data consultant,Unpaid student practicum or capstone projects,Community volunteers"
6/19/19 16:13,6/19/19 16:34,100,1284,TRUE,6/19/19 16:34,R_32QIJgE8uI6L9qN,"By checking this box, I confirm that I am 18 years of age or older.,By checking this box, I confirm the following:


 I have read and understand the purpose of the survey, and I am choosing to participate.
 I understand that my participation is voluntary.
 I understand that I can withdraw from the study at any time prior to submission of the survey, with no explanation needed.
 I understand that unless I choose to self-identify at the end of the survey, no identifiable information about me or my library will be recorded.
 I understand that deidentified survey data will be deposited in an open access repository.
 I understand that cookies may be placed on my browser by Qualtrics, the survey software, to enable various features. 
","I agree that excerpts from my open-ended responses may be used for reports, publications, and other research outputs.",My excerpts may only be used anonymously.,"Over 250,000",Yes,Agree,Strongly agree,Agree,Agree,Strongly agree,Strongly agree,Agree,Neutral,Agree,Strongly agree,Strongly agree,Somewhat active,Somewhat active,Likely,Somewhat likely,Somewhat likely,Somewhat likely,Somewhat likely,Moderate importance,Moderate importance,Moderate importance,Low importance,Low importance,Moderate importance,Moderate importance,Moderate importance,Moderate importance,High importance,High importance,Agree,Neutral,Neutral,Neutral,Agree,Neutral,"Online webinars,Local or regional in-person workshops,Short-term open data consultant,Unpaid student practicum or capstone projects"
6/18/19 12:38,6/20/19 16:23,100,186293,TRUE,6/20/19 16:23,R_2qwb9hjpJasKmz8,"By checking this box, I confirm that I am 18 years of age or older.,By checking this box, I confirm the following:


 I have read and understand the purpose of the survey, and I am choosing to participate.
 I understand that my participation is voluntary.
 I understand that I can withdraw from the study at any time prior to submission of the survey, with no explanation needed.
 I understand that unless I choose to self-identify at the end of the survey, no identifiable information about me or my library will be recorded.
 I understand that deidentified survey data will be deposited in an open access repository.
 I understand that cookies may be placed on my browser by Qualtrics, the survey software, to enable various features. 
","I agree that excerpts from my open-ended responses may be used for reports, publications, and other research outputs.",My excerpts may only be used anonymously.,"Over 250,000",Yes,Agree,Agree,Strongly agree,Agree,Agree,Strongly agree,Agree,Disagree,Neutral,Agree,Neutral,Unlikely,Active,Somewhat active,Somewhat likely,Somewhat likely,Unlikely,Somewhat likely,Essential,Essential,High importance,High importance,Moderate importance,Moderate importance,Moderate importance,Moderate importance,Moderate importance,High importance,High importance,Agree,Agree,Disagree,Strongly agree,Strongly agree,Neutral,"Online webinars,Online curriculum"
6/20/19 17:15,6/20/19 17:20,100,289,TRUE,6/20/19 17:20,R_phfUWd0Ohz1ML97,"By checking this box, I confirm that I am 18 years of age or older.,By checking this box, I confirm the following:


 I have read and understand the purpose of the survey, and I am choosing to participate.
 I understand that my participation is voluntary.
 I understand that I can withdraw from the study at any time prior to submission of the survey, with no explanation needed.
 I understand that unless I choose to self-identify at the end of the survey, no identifiable information about me or my library will be recorded.
 I understand that deidentified survey data will be deposited in an open access repository.
 I understand that cookies may be placed on my browser by Qualtrics, the survey software, to enable various features. 
","I agree that excerpts from my open-ended responses may be used for reports, publications, and other research outputs.","My institution may be included in association with my excerpts.,My name may be included in association with my excerpts.","100,000 - 249,999",Yes,Agree,Strongly agree,Strongly agree,Neutral,Agree,Agree,Strongly agree,Agree,Agree,Agree,Agree,Active,Active,Active,Highly Active,Active,Highly Active,Active,High importance,Moderate importance,Moderate importance,Moderate importance,Moderate importance,High importance,Essential,High importance,Essential,High importance,Essential,Agree,Strongly agree,Agree,Neutral,Neutral,Agree,"Online webinars,Online curriculum,Local or regional in-person workshops,Paid graduate student interns,Unpaid student practicum or capstone projects"
6/21/19 12:06,6/21/19 12:34,100,1666,TRUE,6/21/19 12:34,R_2hIN4QQ3HN8rP7r,"By checking this box, I confirm that I am 18 years of age or older.,By checking this box, I confirm the following:


 I have read and understand the purpose of the survey, and I am choosing to participate.
 I understand that my participation is voluntary.
 I understand that I can withdraw from the study at any time prior to submission of the survey, with no explanation needed.
 I understand that unless I choose to self-identify at the end of the survey, no identifiable information about me or my library will be recorded.
 I understand that deidentified survey data will be deposited in an open access repository.
 I understand that cookies may be placed on my browser by Qualtrics, the survey software, to enable various features. 
","I agree that excerpts from my open-ended responses may be used for reports, publications, and other research outputs.",My excerpts may only be used anonymously.,"25,000 - 99,999",Yes,Agree,Agree,Strongly agree,Agree,Neutral,Agree,Agree,Disagree,Neutral,Agree,Disagree,Likely,Somewhat likely,Unlikely,Somewhat likely,Unlikely,Unlikely,Somewhat likely,Moderate importance,Low importance,Low importance,Low importance,Low importance,Low importance,Low importance,Low importance,Low importance,Essential,Essential,Not sure,Not sure,Neutral,Strongly agree,Strongly agree,Disagree,Paid graduate student interns
6/23/19 15:45,6/23/19 15:53,100,496,TRUE,6/23/19 15:53,R_WCCMF3IptUQD5Lz,"By checking this box, I confirm that I am 18 years of age or older.,By checking this box, I confirm the following:


 I have read and understand the purpose of the survey, and I am choosing to participate.
 I understand that my participation is voluntary.
 I understand that I can withdraw from the study at any time prior to submission of the survey, with no explanation needed.
 I understand that unless I choose to self-identify at the end of the survey, no identifiable information about me or my library will be recorded.
 I understand that deidentified survey data will be deposited in an open access repository.
 I understand that cookies may be placed on my browser by Qualtrics, the survey software, to enable various features. 
","I agree that excerpts from my open-ended responses may be used for reports, publications, and other research outputs.","My institution may be included in association with my excerpts.,My name may be included in association with my excerpts.","100,000 - 249,999",No,Agree,Neutral,Neutral,Disagree,Agree,Agree,Neutral,Strongly disagree,Agree,Agree,Neutral,Unlikely,Unlikely,Somewhat likely,Unlikely,Unlikely,Somewhat likely,Somewhat likely,High importance,Moderate importance,Moderate importance,Moderate importance,Moderate importance,High importance,Essential,Moderate importance,Essential,High importance,Don't know,Disagree,Neutral,Agree,Agree,Neutral,Neutral,"Online webinars,Online curriculum,Local or regional in-person workshops,Short-term open data consultant"
7/16/19 12:20,7/16/19 12:30,100,619,TRUE,7/16/19 12:30,R_1P1QEFaiEcj6car,"By checking this box, I confirm that I am 18 years of age or older.,By checking this box, I confirm the following:


 I have read and understand the purpose of the survey, and I am choosing to participate.
 I understand that my participation is voluntary.
 I understand that I can withdraw from the study at any time prior to submission of the survey, with no explanation needed.
 I understand that unless I choose to self-identify at the end of the survey, no identifiable information about me or my library will be recorded.
 I understand that deidentified survey data will be deposited in an open access repository.
 I understand that cookies may be placed on my browser by Qualtrics, the survey software, to enable various features. 
","I agree that excerpts from my open-ended responses may be used for reports, publications, and other research outputs.",My excerpts may only be used anonymously.,"5,000 - 24,999",No,Agree,Strongly agree,Strongly agree,Neutral,Strongly agree,Agree,Strongly agree,Neutral,Agree,Strongly agree,Strongly agree,Somewhat active,Highly Active,Somewhat active,Somewhat active,Unlikely,Likely,Highly Active,High importance,High importance,High importance,Moderate importance,Moderate importance,High importance,High importance,High importance,High importance,Essential,Essential,Neutral,Agree,Neutral,Neutral,Agree,Neutral,"Online webinars,Online curriculum,Local or regional in-person workshops,Community volunteers"
7/16/19 17:01,7/16/19 17:14,100,803,TRUE,7/16/19 17:14,R_2uVxg1LemOdElkq,"By checking this box, I confirm that I am 18 years of age or older.,By checking this box, I confirm the following:


 I have read and understand the purpose of the survey, and I am choosing to participate.
 I understand that my participation is voluntary.
 I understand that I can withdraw from the study at any time prior to submission of the survey, with no explanation needed.
 I understand that unless I choose to self-identify at the end of the survey, no identifiable information about me or my library will be recorded.
 I understand that deidentified survey data will be deposited in an open access repository.
 I understand that cookies may be placed on my browser by Qualtrics, the survey software, to enable various features. 
","I agree that excerpts from my open-ended responses may be used for reports, publications, and other research outputs.","My institution may be included in association with my excerpts.,My name may be included in association with my excerpts.","100,000 - 249,999",Yes,Agree,Strongly agree,Strongly agree,Agree,Agree,Strongly agree,Agree,Neutral,Neutral,Strongly agree,Strongly agree,Somewhat likely,Somewhat active,Somewhat active,Likely,Likely,Somewhat likely,Likely,Moderate importance,Moderate importance,Moderate importance,Low importance,Moderate importance,High importance,High importance,High importance,High importance,High importance,High importance,Agree,Agree,Neutral,Neutral,Agree,Neutral,"Online webinars,Online curriculum,Local or regional in-person workshops,Short-term open data consultant"
7/16/19 17:13,7/16/19 17:23,100,584,TRUE,7/16/19 17:23,R_1lAKAZpVW8uHxpc,"By checking this box, I confirm that I am 18 years of age or older.,By checking this box, I confirm the following:


 I have read and understand the purpose of the survey, and I am choosing to participate.
 I understand that my participation is voluntary.
 I understand that I can withdraw from the study at any time prior to submission of the survey, with no explanation needed.
 I understand that unless I choose to self-identify at the end of the survey, no identifiable information about me or my library will be recorded.
 I understand that deidentified survey data will be deposited in an open access repository.
 I understand that cookies may be placed on my browser by Qualtrics, the survey software, to enable various features. 
","I agree that excerpts from my open-ended responses may be used for reports, publications, and other research outputs.",My excerpts may only be used anonymously.,"Under 5,000",No,Agree,Strongly agree,Strongly agree,Strongly agree,Strongly agree,Strongly agree,Agree,Disagree,Disagree,Strongly agree,Strongly agree,Unlikely,Likely,Unlikely,Likely,Somewhat likely,Somewhat likely,Somewhat likely,High importance,Low importance,Low importance,High importance,High importance,Don't know,Don't know,Don't know,Moderate importance,Don't know,Don't know,Strongly agree,Strongly agree,Disagree,Strongly agree,Not sure,Not sure,"Online webinars,Local or regional in-person workshops"
7/16/19 18:33,7/16/19 18:53,100,1202,TRUE,7/16/19 18:53,R_1Lqhnp2CmcIyHqb,"By checking this box, I confirm that I am 18 years of age or older.,By checking this box, I confirm the following:


 I have read and understand the purpose of the survey, and I am choosing to participate.
 I understand that my participation is voluntary.
 I understand that I can withdraw from the study at any time prior to submission of the survey, with no explanation needed.
 I understand that unless I choose to self-identify at the end of the survey, no identifiable information about me or my library will be recorded.
 I understand that deidentified survey data will be deposited in an open access repository.
 I understand that cookies may be placed on my browser by Qualtrics, the survey software, to enable various features. 
","I agree that excerpts from my open-ended responses may be used for reports, publications, and other research outputs.",My excerpts may only be used anonymously.,"Over 250,000",Yes,Agree,Agree,Agree,Agree,Agree,Agree,Neutral,Agree,Neutral,Strongly agree,Strongly agree,Likely,Somewhat active,Likely,Somewhat active,Likely,Unsure,Active,Moderate importance,Moderate importance,Don't know,High importance,High importance,Moderate importance,Moderate importance,High importance,High importance,High importance,Don't know,Agree,Agree,Neutral,Neutral,Agree,Neutral,"Online webinars,Online curriculum,Local or regional in-person workshops,Community volunteers"
7/23/19 11:25,7/23/19 12:21,100,3306,TRUE,7/23/19 12:21,R_OHGB4uUNYQgZFHX,"By checking this box, I confirm that I am 18 years of age or older.,By checking this box, I confirm the following:


 I have read and understand the purpose of the survey, and I am choosing to participate.
 I understand that my participation is voluntary.
 I understand that I can withdraw from the study at any time prior to submission of the survey, with no explanation needed.
 I understand that unless I choose to self-identify at the end of the survey, no identifiable information about me or my library will be recorded.
 I understand that deidentified survey data will be deposited in an open access repository.
 I understand that cookies may be placed on my browser by Qualtrics, the survey software, to enable various features. 
","I agree that excerpts from my open-ended responses may be used for reports, publications, and other research outputs.",My excerpts may only be used anonymously.,"100,000 - 249,999",Yes,Agree,Strongly agree,Strongly agree,Neutral,Strongly agree,Strongly agree,Agree,Agree,Agree,Neutral,Agree,Somewhat active,Highly Active,Somewhat active,Somewhat active,Somewhat active,Likely,Somewhat active,Don't know,Don't know,Don't know,Don't know,Don't know,Don't know,Don't know,Don't know,Don't know,Don't know,Don't know,Not sure,Strongly agree,Not sure,Neutral,Not sure,Strongly agree,"Online webinars,Online curriculum,Local or regional in-person workshops,Short-term open data consultant,Paid graduate student interns,Community volunteers"
7/27/19 16:13,7/27/19 16:31,100,1084,TRUE,7/27/19 16:32,R_2R3x84kog4VJlFn,"By checking this box, I confirm that I am 18 years of age or older.,By checking this box, I confirm the following:


 I have read and understand the purpose of the survey, and I am choosing to participate.
 I understand that my participation is voluntary.
 I understand that I can withdraw from the study at any time prior to submission of the survey, with no explanation needed.
 I understand that unless I choose to self-identify at the end of the survey, no identifiable information about me or my library will be recorded.
 I understand that deidentified survey data will be deposited in an open access repository.
 I understand that cookies may be placed on my browser by Qualtrics, the survey software, to enable various features. 
","I agree that excerpts from my open-ended responses may be used for reports, publications, and other research outputs.","My institution may be included in association with my excerpts.,My name may be included in association with my excerpts.","Over 250,000",Yes,Agree,Strongly agree,Strongly agree,Strongly agree,Strongly agree,Agree,Strongly agree,Neutral,Neutral,Neutral,Agree,Active,Highly Active,Active,Active,Active,Active,Somewhat active,Moderate importance,Moderate importance,Moderate importance,Moderate importance,Moderate importance,Moderate importance,Moderate importance,High importance,High importance,Low importance,Moderate importance,Agree,Agree,Neutral,Neutral,Agree,Neutral,"Online webinars,Local or regional in-person workshops"
8/7/19 11:41,8/7/19 11:59,100,1098,TRUE,8/7/19 11:59,R_3GjR71PgAzrhmPZ,"By checking this box, I confirm that I am 18 years of age or older.,By checking this box, I confirm the following:


 I have read and understand the purpose of the survey, and I am choosing to participate.
 I understand that my participation is voluntary.
 I understand that I can withdraw from the study at any time prior to submission of the survey, with no explanation needed.
 I understand that unless I choose to self-identify at the end of the survey, no identifiable information about me or my library will be recorded.
 I understand that deidentified survey data will be deposited in an open access repository.
 I understand that cookies may be placed on my browser by Qualtrics, the survey software, to enable various features. 
","I agree that excerpts from my open-ended responses may be used for reports, publications, and other research outputs.",My excerpts may only be used anonymously.,"Over 250,000",No,Agree,Strongly agree,Neutral,Agree,Agree,Strongly agree,Strongly agree,Disagree,Neutral,Agree,Agree,Somewhat likely,Likely,Somewhat likely,Likely,Somewhat likely,Somewhat likely,Unlikely,High importance,Moderate importance,Moderate importance,Moderate importance,Moderate importance,High importance,Low importance,Low importance,Moderate importance,Moderate importance,High importance,Strongly agree,Agree,Neutral,Neutral,Neutral,Neutral,"Online webinars,Online curriculum,Local or regional in-person workshops,Unpaid student practicum or capstone projects"
8/8/19 15:57,8/8/19 16:12,100,870,TRUE,8/8/19 16:12,R_2dt154VFySOAwhY,"By checking this box, I confirm that I am 18 years of age or older.,By checking this box, I confirm the following:


 I have read and understand the purpose of the survey, and I am choosing to participate.
 I understand that my participation is voluntary.
 I understand that I can withdraw from the study at any time prior to submission of the survey, with no explanation needed.
 I understand that unless I choose to self-identify at the end of the survey, no identifiable information about me or my library will be recorded.
 I understand that deidentified survey data will be deposited in an open access repository.
 I understand that cookies may be placed on my browser by Qualtrics, the survey software, to enable various features. 
","I agree that excerpts from my open-ended responses may be used for reports, publications, and other research outputs.","My institution may be included in association with my excerpts.,My excerpts may only be used anonymously.","5,000 - 24,999",Yes,Agree,Agree,Agree,Strongly agree,Strongly agree,Strongly agree,Agree,Neutral,Neutral,Strongly agree,Strongly agree,Highly Active,Highly Active,Somewhat active,Active,Active,Active,Active,Essential,Moderate importance,Moderate importance,High importance,High importance,High importance,High importance,Essential,High importance,High importance,Essential,Agree,Agree,Agree,Disagree,Neutral,Not sure,"Online webinars,Online curriculum,Local or regional in-person workshops,Community volunteers"
8/16/19 11:52,8/16/19 12:16,100,1405,TRUE,8/16/19 12:16,R_3L0XLcOTaA3rjh1,"By checking this box, I confirm that I am 18 years of age or older.,By checking this box, I confirm the following:


 I have read and understand the purpose of the survey, and I am choosing to participate.
 I understand that my participation is voluntary.
 I understand that I can withdraw from the study at any time prior to submission of the survey, with no explanation needed.
 I understand that unless I choose to self-identify at the end of the survey, no identifiable information about me or my library will be recorded.
 I understand that deidentified survey data will be deposited in an open access repository.
 I understand that cookies may be placed on my browser by Qualtrics, the survey software, to enable various features. 
","I agree that excerpts from my open-ended responses may be used for reports, publications, and other research outputs.",My excerpts may only be used anonymously.,"25,000 - 99,999",No,Agree,Agree,Agree,Agree,Agree,Agree,Agree,Neutral,Neutral,Agree,Agree,Somewhat likely,Likely,Somewhat likely,Somewhat likely,Somewhat likely,Unlikely,Somewhat likely,Moderate importance,Moderate importance,Moderate importance,Low importance,Low importance,Low importance,Moderate importance,Low importance,High importance,Moderate importance,Moderate importance,Agree,Neutral,Disagree,Agree,Agree,Agree,"Online webinars,Online curriculum,Local or regional in-person workshops"
8/17/19 15:43,8/17/19 15:48,100,267,TRUE,8/17/19 15:48,R_1OPEVSea8k0I6vu,"By checking this box, I confirm that I am 18 years of age or older.,By checking this box, I confirm the following:


 I have read and understand the purpose of the survey, and I am choosing to participate.
 I understand that my participation is voluntary.
 I understand that I can withdraw from the study at any time prior to submission of the survey, with no explanation needed.
 I understand that unless I choose to self-identify at the end of the survey, no identifiable information about me or my library will be recorded.
 I understand that deidentified survey data will be deposited in an open access repository.
 I understand that cookies may be placed on my browser by Qualtrics, the survey software, to enable various features. 
","I agree that excerpts from my open-ended responses may be used for reports, publications, and other research outputs.",My institution may be included in association with my excerpts.,"100,000 - 249,999",Yes,Agree,Strongly agree,Strongly agree,Neutral,Agree,Agree,Agree,Agree,Agree,Agree,Agree,Active,Active,Active,Active,Active,Highly Active,Highly Active,High importance,High importance,High importance,High importance,High importance,High importance,Essential,Low importance,High importance,Moderate importance,High importance,Agree,Agree,Agree,Neutral,Neutral,Neutral,"Online webinars,Online curriculum,Local or regional in-person workshops,Paid graduate student interns,Unpaid student practicum or capstone projects"
8/20/19 20:48,8/20/19 21:07,100,1132,TRUE,8/20/19 21:07,R_2BfH5j13A5FJnag,"By checking this box, I confirm that I am 18 years of age or older.,By checking this box, I confirm the following:


 I have read and understand the purpose of the survey, and I am choosing to participate.
 I understand that my participation is voluntary.
 I understand that I can withdraw from the study at any time prior to submission of the survey, with no explanation needed.
 I understand that unless I choose to self-identify at the end of the survey, no identifiable information about me or my library will be recorded.
 I understand that deidentified survey data will be deposited in an open access repository.
 I understand that cookies may be placed on my browser by Qualtrics, the survey software, to enable various features. 
","I agree that excerpts from my open-ended responses may be used for reports, publications, and other research outputs.","My institution may be included in association with my excerpts.,My name may be included in association with my excerpts.","5,000 - 24,999",No,Agree,Agree,Disagree,Agree,Agree,Strongly agree,Disagree,Strongly disagree,Neutral,Neutral,Neutral,Unlikely,Somewhat likely,Unlikely,Unlikely,Likely,Somewhat likely,Unlikely,Essential,Low importance,High importance,High importance,High importance,Low importance,Low importance,Moderate importance,Essential,Moderate importance,Low importance,Strongly agree,Agree,Agree,Agree,Disagree,Agree,"Online curriculum,Local or regional in-person workshops,Unpaid student practicum or capstone projects"
8/21/19 6:22,8/21/19 7:00,100,2315,TRUE,8/21/19 7:00,R_2PzKztIT9mL4EWO,"By checking this box, I confirm that I am 18 years of age or older.,By checking this box, I confirm the following:


 I have read and understand the purpose of the survey, and I am choosing to participate.
 I understand that my participation is voluntary.
 I understand that I can withdraw from the study at any time prior to submission of the survey, with no explanation needed.
 I understand that unless I choose to self-identify at the end of the survey, no identifiable information about me or my library will be recorded.
 I understand that deidentified survey data will be deposited in an open access repository.
 I understand that cookies may be placed on my browser by Qualtrics, the survey software, to enable various features. 
","I agree that excerpts from my open-ended responses may be used for reports, publications, and other research outputs.","My institution may be included in association with my excerpts.,My name may be included in association with my excerpts.","Over 250,000",Yes,Agree,Strongly agree,Strongly agree,Agree,Strongly agree,Strongly agree,Strongly agree,Neutral,Neutral,Strongly agree,Strongly agree,Likely,Somewhat active,Likely,Somewhat active,Likely,Likely,Likely,High importance,High importance,Essential,High importance,Don't know,Essential,Essential,Essential,Essential,Essential,High importance,Strongly agree,Strongly agree,Neutral,Agree,Agree,Agree,"Online webinars,Online curriculum,Local or regional in-person workshops,Short-term open data consultant,Paid graduate student interns,Unpaid student practicum or capstone projects,Community volunteers"
8/21/19 9:45,8/21/19 10:06,100,1260,TRUE,8/21/19 10:06,R_3p9jZx6VPGY2w4Y,"By checking this box, I confirm that I am 18 years of age or older.,By checking this box, I confirm the following:


 I have read and understand the purpose of the survey, and I am choosing to participate.
 I understand that my participation is voluntary.
 I understand that I can withdraw from the study at any time prior to submission of the survey, with no explanation needed.
 I understand that unless I choose to self-identify at the end of the survey, no identifiable information about me or my library will be recorded.
 I understand that deidentified survey data will be deposited in an open access repository.
 I understand that cookies may be placed on my browser by Qualtrics, the survey software, to enable various features. 
",,,"Over 250,000",Yes,Agree,Strongly agree,Agree,Disagree,Agree,Agree,Neutral,Disagree,Disagree,Agree,Agree,Somewhat likely,Unlikely,Somewhat likely,Unlikely,Unlikely,Somewhat likely,Somewhat likely,Moderate importance,Low importance,Moderate importance,Low importance,Low importance,Low importance,Moderate importance,Low importance,Essential,Moderate importance,Essential,Not sure,Not sure,Not sure,Not sure,Not sure,Not sure,Community volunteers
8/23/19 14:45,8/23/19 15:03,100,1115,TRUE,8/23/19 15:03,R_tKdUyxnEM25XzHP,"By checking this box, I confirm that I am 18 years of age or older.,By checking this box, I confirm the following:


 I have read and understand the purpose of the survey, and I am choosing to participate.
 I understand that my participation is voluntary.
 I understand that I can withdraw from the study at any time prior to submission of the survey, with no explanation needed.
 I understand that unless I choose to self-identify at the end of the survey, no identifiable information about me or my library will be recorded.
 I understand that deidentified survey data will be deposited in an open access repository.
 I understand that cookies may be placed on my browser by Qualtrics, the survey software, to enable various features. 
","I agree that excerpts from my open-ended responses may be used for reports, publications, and other research outputs.",My institution may be included in association with my excerpts.,"25,000 - 99,999",Yes,Agree,Agree,Agree,Neutral,Agree,Strongly agree,Agree,Agree,Agree,Agree,Strongly agree,Highly Active,Highly Active,Highly Active,Highly Active,Highly Active,Active,Highly Active,High importance,Moderate importance,Moderate importance,High importance,High importance,Moderate importance,Moderate importance,Moderate importance,Don't know,Essential,Essential,Strongly agree,Agree,Agree,Strongly agree,Strongly agree,Strongly agree,"Online webinars,Online curriculum,Local or regional in-person workshops,Short-term open data consultant,Unpaid student practicum or capstone projects,Community volunteers"